{"accuracy": 0.9706546275395034, "pr": {"No": {"precision": 0.98, "recall": 0.97, "f1": 0.97}, "Yes": {"precision": 0.96, "recall": 0.97, "f1": 0.97}}, "confusion": {"No": {"No": 3547, "Yes": 112}, "Yes": {"No": 83, "Yes": 2903}}, "sign": {"author": "Sahil Jindal", "date_created": "2022-06-28T22:35:20.681813"}}